﻿Designator,Footprint,Quantity,Value,LCSC Part #
ATMEGA328-P1,DIP-28_W7.62mm,1,ATmega328-P,
BUCK_IN1,"TerminalBlock_Phoenix_MKDS-1,5-2_1x02_P5.00mm_Horizontal",1,BUCK_IN,
BUCK_OUT1,"TerminalBlock_Phoenix_MKDS-1,5-2_1x02_P5.00mm_Horizontal",1,BUCK_OUT,
CAREF1(10NF)1,CP_Axial_L10.0mm_D4.5mm_P15.00mm_Horizontal,1,Caref1(10nF),
CAVCC1(0.1UF)1,CP_Axial_L10.0mm_D4.5mm_P15.00mm_Horizontal,1,Cavcc1(0.1uF),
CH1,JST_GH_BM04B-GHS-TBT_1x04-1MP_P1.25mm_Vertical,1,CH1,
CH2,JST_GH_BM04B-GHS-TBT_1x04-1MP_P1.25mm_Vertical,1,CH2,
CH3,JST_GH_BM04B-GHS-TBT_1x04-1MP_P1.25mm_Vertical,1,CH3,
CH4,JST_GH_BM04B-GHS-TBT_1x04-1MP_P1.25mm_Vertical,1,CH4,
CH5,JST_GH_BM04B-GHS-TBT_1x04-1MP_P1.25mm_Vertical,1,CH5,
CH6,JST_GH_BM04B-GHS-TBT_1x04-1MP_P1.25mm_Vertical,1,CH6,
CH7,JST_GH_BM04B-GHS-TBT_1x04-1MP_P1.25mm_Vertical,1,CH7,
CH8,JST_GH_BM04B-GHS-TBT_1x04-1MP_P1.25mm_Vertical,1,CH8,
CIR_IN1(10UF)1,CP_Axial_L10.0mm_D4.5mm_P15.00mm_Horizontal,1,Cir_in1(10uF),
CPW1(470UF)1,CP_Axial_L10.0mm_D4.5mm_P15.00mm_Horizontal,1,Cpw1(470uF),
CPW2(0.1UF)1,CP_Axial_L10.0mm_D4.5mm_P15.00mm_Horizontal,1,Cpw2(0.1uF),
CRESET1(0.1UF)1,CP_Axial_L10.0mm_D4.5mm_P15.00mm_Horizontal,1,Creset1(0.1uF),
CRYSTAL(16MHZ)1,Crystal_HC49-4H_Vertical,1,Crystal(16MHz),
CX1(22PF)1,CP_Axial_L10.0mm_D4.5mm_P15.00mm_Horizontal,1,Cx1(22pF),
CX2(22PF)1,CP_Axial_L10.0mm_D4.5mm_P15.00mm_Horizontal,1,Cx2(22pF),
D1SCH1,D_A-405_P12.70mm_Horizontal,1,D1sch,
FUSE1,Fuse_Bourns_MF-RG400,1,Fuse1,
IR_INPUT1,JST_EH_B3B-EH-A_1x03_P2.50mm_Vertical,1,IR_INPUT,
IR_OUTPUT1,JST_EH_B2B-EH-A_1x02_P2.50mm_Vertical,1,IR_OUTPUT,
ISP1,PinHeader_1x06_P2.54mm_Vertical,1,ISP1,
LED1,LED_D3.0mm,1,LED,
MUX1,TCA954A_Multiplexer,1,MUX,
POWER_IN1,"TerminalBlock_Phoenix_MKDS-1,5-2_1x02_P5.00mm_Horizontal",1,POWER_IN,
REST_BUTTON1,SW_PUSH_6mm,1,REST_BUTTON,
RIR1(10KΩ)1,R_Axial_DIN0309_L9.0mm_D3.2mm_P12.70mm_Horizontal,1,Rir1(10KΩ),
RIR_IN1(1KΩ)1,R_Axial_DIN0309_L9.0mm_D3.2mm_P12.70mm_Horizontal,1,Rir_in1(1KΩ),
RLED1(330Ω)1,R_Axial_DIN0309_L9.0mm_D3.2mm_P12.70mm_Horizontal,1,Rled1(330Ω)1,
RRESETMCU1(10KΩ)1,R_Axial_DIN0309_L9.0mm_D3.2mm_P12.70mm_Horizontal,1,Rresetmcu1(10kΩ),
RRESETMUX1(10KΩ)2,R_Axial_DIN0309_L9.0mm_D3.2mm_P12.70mm_Horizontal,1,Rresetmux1(10KΩ)2,
RSCL1(4.7KΩ)1,R_Axial_DIN0309_L9.0mm_D3.2mm_P12.70mm_Horizontal,1,Rscl1(4.7KΩ),
RSDA1(4.7KΩ)1,R_Axial_DIN0309_L9.0mm_D3.2mm_P12.70mm_Horizontal,1,Rsda1(4.7KΩ),
RSSBUTTON1(10KΩ)1,R_Axial_DIN0309_L9.0mm_D3.2mm_P12.70mm_Horizontal,1,Rssbutton1(10KΩ),
SS_BUTTON1,JST_EH_B2B-EH-A_1x02_P2.50mm_Vertical,1,SS_BUTTON,
TB6600 CONTROL1,"TerminalBlock_Phoenix_MKDS-1,5-6_1x06_P5.00mm_Horizontal",1,TB6600 CONTROL,
TB6600 POWER1,"TerminalBlock_Phoenix_MKDS-1,5-2_1x02_P5.00mm_Horizontal",1,TB6600 POWER,
